,age,job,marital,education,balance,duration,high balance & high education
0,58.0,management,married,tertiary,2143,261,False
1,44.0,technician,single,secondary,29,151,False
2,33.0,entrepreneur,married,secondary,2,76,False
3,47.0,blue-collar,married,unknown,1506,92,False
4,33.0,unknown,single,unknown,1,198,False
5,35.0,management,married,tertiary,231,139,False
6,28.0,management,single,tertiary,447,217,False
7,42.0,entrepreneur,divorced,tertiary,2,380,False
8,58.0,retired,married,primary,121,50,False
9,43.0,technician,single,secondary,593,55,False
10,41.0,admin.,divorced,secondary,270,222,False
11,29.0,admin.,single,secondary,390,137,False
12,53.0,technician,married,secondary,6,517,False
13,58.0,technician,married,unknown,71,71,False
14,57.0,services,married,secondary,162,174,False
15,51.0,retired,married,primary,229,353,False
16,45.0,admin.,single,unknown,13,98,False
17,57.0,blue-collar,married,primary,52,38,False
18,60.0,retired,married,primary,60,219,False
19,33.0,services,married,secondary,0,54,False
20,28.0,blue-collar,married,secondary,723,262,False
21,56.0,management,married,tertiary,779,164,False
22,32.0,blue-collar,single,primary,23,160,False
23,25.0,services,married,secondary,50,342,False
24,40.0,retired,married,primary,0,181,False
25,44.0,admin.,married,secondary,-372,172,False
26,39.0,management,single,tertiary,255,296,False
27,52.0,entrepreneur,married,secondary,113,127,False
28,46.0,management,single,secondary,-246,255,False
29,36.0,technician,single,secondary,265,348,False
30,57.0,technician,married,secondary,839,225,False
31,49.0,management,married,tertiary,378,230,False
32,60.0,admin.,married,secondary,39,208,False
33,59.0,blue-collar,married,secondary,0,226,False
34,51.0,management,married,tertiary,10635,336,True
35,57.0,technician,divorced,secondary,63,242,False
36,25.0,blue-collar,married,secondary,-7,365,False
37,53.0,technician,married,secondary,-3,1666,False
38,36.0,admin.,divorced,secondary,506,577,False
39,37.0,admin.,single,secondary,0,137,False
40,44.0,services,divorced,secondary,2586,160,False
41,50.0,management,married,secondary,49,180,False
42,60.0,blue-collar,married,unknown,104,22,False
43,54.0,retired,married,secondary,529,1492,False
44,58.0,retired,married,unknown,96,616,False
45,36.0,admin.,single,primary,-171,242,False
46,58.0,self-employed,married,tertiary,-364,355,False
47,44.0,technician,married,secondary,0,225,False
48,55.0,technician,divorced,secondary,0,160,False
49,29.0,management,single,tertiary,0,363,False
50,54.0,blue-collar,married,secondary,1291,266,False
51,48.0,management,divorced,tertiary,-244,253,False
52,32.0,management,married,tertiary,0,179,False
53,42.0,admin.,single,secondary,-76,787,False
54,24.0,technician,single,secondary,-103,145,False
55,38.0,entrepreneur,single,tertiary,243,174,False
56,38.0,management,single,tertiary,424,104,False
57,47.0,blue-collar,married,unknown,306,13,False
58,40.0,blue-collar,single,unknown,24,185,False
59,46.0,services,married,primary,179,1778,False
60,32.0,admin.,married,tertiary,0,138,False
61,53.0,technician,divorced,secondary,989,812,False
62,57.0,blue-collar,married,primary,249,164,False
63,33.0,services,married,secondary,790,391,False
64,49.0,blue-collar,married,unknown,154,357,False
65,51.0,management,married,tertiary,6530,91,True
66,60.0,retired,married,tertiary,100,528,False
67,59.0,management,divorced,tertiary,59,273,False
68,55.0,technician,married,secondary,1205,158,False
69,35.0,blue-collar,single,secondary,12223,177,False
70,57.0,blue-collar,married,secondary,5935,258,False
71,31.0,services,married,secondary,25,172,False
72,54.0,management,married,secondary,282,154,False
73,55.0,blue-collar,married,primary,23,291,False
74,43.0,technician,married,secondary,1937,181,False
75,53.0,technician,married,secondary,384,176,False
76,44.0,blue-collar,married,secondary,582,211,False
77,55.0,services,divorced,secondary,91,349,False
78,49.0,services,divorced,secondary,0,272,False
79,55.0,services,divorced,secondary,1,208,False
80,45.0,admin.,single,secondary,206,193,False
81,47.0,services,divorced,secondary,164,212,False
82,42.0,technician,single,secondary,690,20,False
83,59.0,admin.,married,secondary,2343,1042,False
84,46.0,self-employed,married,tertiary,137,246,False
85,51.0,blue-collar,married,primary,173,529,False
86,56.0,admin.,married,secondary,45,1467,False
87,41.0,technician,married,secondary,1270,1389,False
88,46.0,management,divorced,secondary,16,188,False
89,57.0,retired,married,secondary,486,180,False
90,42.0,management,single,secondary,50,48,False
91,30.0,technician,married,secondary,152,213,False
92,60.0,admin.,married,secondary,290,583,False
93,60.0,blue-collar,married,unknown,54,221,False
94,57.0,entrepreneur,divorced,secondary,-37,173,False
95,36.0,management,married,tertiary,101,426,False
96,55.0,blue-collar,married,secondary,383,287,False
97,60.0,retired,married,tertiary,81,101,False
98,39.0,technician,married,secondary,0,203,False
99,46.0,management,married,tertiary,229,197,False
100,44.0,blue-collar,married,secondary,-674,257,False
101,53.0,blue-collar,married,primary,90,124,False
102,52.0,blue-collar,married,primary,128,229,False
103,59.0,blue-collar,married,primary,179,55,False
104,27.0,technician,single,tertiary,0,400,False
105,44.0,blue-collar,married,secondary,54,197,False
106,47.0,technician,married,tertiary,151,190,False
107,34.0,admin.,married,secondary,61,21,False
108,59.0,retired,single,secondary,30,514,False
109,45.0,management,married,tertiary,523,849,False
110,29.0,services,divorced,secondary,31,0,False
111,46.0,technician,divorced,secondary,79,144,False
112,56.0,self-employed,married,primary,-34,212,False
113,36.0,blue-collar,married,primary,448,286,False
114,59.0,retired,divorced,primary,81,107,False
115,44.0,blue-collar,married,secondary,144,247,False
116,41.0,admin.,married,secondary,351,518,False
117,33.0,management,single,tertiary,-67,364,False
118,59.0,management,divorced,tertiary,262,178,False
119,57.0,technician,married,primary,0,98,False
120,56.0,technician,divorced,unknown,56,439,False
121,51.0,blue-collar,married,secondary,26,79,False
122,34.0,admin.,married,unknown,3,120,False
123,43.0,services,married,secondary,41,127,False
124,52.0,technician,married,tertiary,7,175,False
125,33.0,technician,single,secondary,105,262,False
126,29.0,admin.,single,secondary,818,61,False
127,34.0,services,married,secondary,-16,78,False
128,31.0,blue-collar,married,secondary,0,143,False
129,55.0,services,married,secondary,2476,579,False
130,55.0,management,married,unknown,1185,677,False
131,32.0,admin.,single,secondary,217,345,False
132,38.0,technician,single,secondary,1685,185,False
133,55.0,admin.,single,secondary,802,100,False
134,28.0,unemployed,single,tertiary,0,125,False
135,23.0,blue-collar,married,secondary,94,193,False
136,32.0,technician,single,secondary,0,136,False
137,43.0,services,single,unknown,0,73,False
138,32.0,blue-collar,married,secondary,517,528,False
139,46.0,blue-collar,married,secondary,265,541,False
140,53.0,housemaid,divorced,primary,947,163,False
141,34.0,self-employed,single,secondary,3,301,False
142,57.0,unemployed,married,tertiary,42,46,False
143,37.0,blue-collar,married,secondary,37,204,False
144,59.0,blue-collar,married,secondary,57,98,False
145,33.0,services,married,secondary,22,71,False
146,56.0,blue-collar,divorced,primary,8,157,False
147,48.0,unemployed,married,secondary,293,243,False
148,43.0,services,married,primary,3,186,False
149,54.0,blue-collar,married,primary,348,579,False
150,51.0,blue-collar,married,unknown,-19,163,False
151,26.0,student,single,secondary,0,610,False
152,40.0,management,married,tertiary,-4,2033,False
153,39.0,management,married,secondary,18,85,False
154,50.0,technician,married,primary,139,114,False
155,41.0,services,married,secondary,0,114,False
156,51.0,blue-collar,married,unknown,1883,57,False
157,60.0,retired,divorced,secondary,216,238,False
158,52.0,blue-collar,married,secondary,782,93,False
159,48.0,blue-collar,married,secondary,904,128,False
160,48.0,services,married,unknown,1705,107,False
161,39.0,technician,single,tertiary,47,181,False
162,47.0,services,single,secondary,176,303,False
163,40.0,blue-collar,married,secondary,1225,558,False
164,45.0,technician,married,secondary,86,270,False
165,26.0,admin.,single,secondary,82,228,False
166,52.0,management,married,tertiary,271,99,False
167,54.0,technician,married,secondary,1378,240,False
168,54.0,admin.,married,tertiary,184,673,False
169,50.0,blue-collar,married,primary,0,233,False
170,35.0,blue-collar,married,secondary,0,1056,False
171,44.0,services,married,secondary,1357,250,False
172,53.0,entrepreneur,married,unknown,19,252,False
173,35.0,retired,single,primary,434,138,False
174,60.0,admin.,divorced,secondary,92,130,False
175,53.0,admin.,divorced,secondary,1151,412,False
176,48.0,unemployed,married,secondary,41,179,False
177,34.0,technician,married,secondary,51,19,False
178,54.0,services,married,secondary,214,458,False
179,51.0,management,married,secondary,1161,717,False
180,31.0,services,married,tertiary,37,313,False
181,35.0,technician,divorced,secondary,787,683,False
182,35.0,services,married,secondary,59,1077,False
183,38.0,technician,married,secondary,253,416,False
184,36.0,admin.,married,tertiary,211,146,False
185,58.0,retired,married,primary,235,167,False
186,40.0,services,divorced,unknown,4384,315,False
187,54.0,management,married,secondary,4080,140,False
188,34.0,blue-collar,single,secondary,53,346,False
189,31.0,management,single,tertiary,0,562,False
190,51.0,retired,married,secondary,2127,172,False
191,33.0,management,married,tertiary,377,217,False
192,55.0,management,married,tertiary,73,142,False
193,42.0,admin.,married,secondary,445,67,False
194,34.0,blue-collar,married,secondary,243,291,False
195,33.0,blue-collar,single,secondary,307,309,False
196,38.0,services,married,secondary,155,248,False
197,50.0,technician,divorced,tertiary,173,98,False
198,43.0,management,married,tertiary,400,256,False
199,61.0,blue-collar,divorced,primary,1428,82,False
200,47.0,admin.,married,secondary,219,577,False
201,48.0,self-employed,married,tertiary,7,286,False
202,44.0,blue-collar,married,secondary,575,477,False
203,35.0,student,single,unknown,298,611,False
204,35.0,services,married,secondary,0,471,False
205,50.0,services,married,secondary,5699,381,False
206,41.0,management,married,tertiary,176,42,False
207,41.0,management,married,tertiary,517,251,False
208,39.0,services,single,unknown,257,408,False
209,42.0,retired,married,secondary,56,215,False
210,38.0,blue-collar,married,secondary,-390,287,False
211,53.0,retired,married,secondary,330,216,False
212,59.0,housemaid,divorced,primary,195,366,False
213,36.0,services,married,secondary,301,210,False
214,54.0,blue-collar,married,primary,-41,288,False
215,40.0,technician,married,tertiary,483,168,False
216,47.0,unknown,married,unknown,28,338,False
217,53.0,unemployed,married,unknown,13,410,False
218,46.0,housemaid,married,primary,965,177,False
219,39.0,management,married,tertiary,378,127,False
220,40.0,unemployed,married,secondary,219,0,False
221,28.0,blue-collar,married,primary,324,175,False
222,35.0,entrepreneur,divorced,secondary,-69,300,False
223,55.0,retired,married,secondary,0,136,False
224,43.0,technician,divorced,unknown,205,1419,False
225,48.0,blue-collar,married,primary,278,125,False
226,58.0,management,married,unknown,1065,213,False
227,33.0,management,single,tertiary,34,27,False
228,36.0,blue-collar,married,unknown,1033,238,False
229,53.0,services,divorced,secondary,1467,124,False
230,47.0,blue-collar,married,primary,-12,18,False
231,31.0,services,married,secondary,388,730,False
232,57.0,entrepreneur,married,secondary,294,746,False
233,53.0,blue-collar,married,unknown,1827,121,False
234,55.0,blue-collar,married,primary,627,247,False
235,45.0,blue-collar,married,primary,25,40,False
236,53.0,admin.,divorced,secondary,315,181,False
237,37.0,blue-collar,married,primary,0,79,False
238,44.0,admin.,divorced,secondary,66,206,False
239,49.0,blue-collar,divorced,primary,-9,389,False
240,46.0,technician,married,secondary,349,127,False
241,43.0,entrepreneur,married,unknown,100,702,False
242,38.0,admin.,married,secondary,0,151,False
243,43.0,technician,married,secondary,434,117,False
244,49.0,management,married,tertiary,3237,232,False
245,42.0,management,married,unknown,275,408,False
246,22.0,blue-collar,single,secondary,0,179,False
247,40.0,management,married,tertiary,207,39,False
248,39.0,blue-collar,married,secondary,483,282,False
249,51.0,services,married,secondary,2248,714,False
250,49.0,admin.,married,secondary,428,50,False
251,53.0,blue-collar,married,secondary,0,181,False
252,34.0,services,single,secondary,0,142,False
253,33.0,technician,divorced,secondary,140,227,False
254,50.0,management,single,tertiary,297,119,False
255,39.0,blue-collar,married,primary,279,361,False
256,59.0,entrepreneur,divorced,secondary,901,73,False
257,30.0,technician,single,secondary,2573,67,False
258,36.0,services,married,secondary,143,350,False
259,40.0,blue-collar,married,secondary,475,332,False
260,53.0,blue-collar,married,secondary,70,611,False
261,34.0,management,single,tertiary,318,113,False
262,37.0,technician,married,secondary,275,132,False
263,42.0,management,divorced,tertiary,742,58,False
264,41.0,entrepreneur,married,primary,236,151,False
265,30.0,student,single,tertiary,25,89,False
266,37.0,management,single,tertiary,600,152,False
267,39.0,admin.,divorced,secondary,-349,611,False
268,41.0,blue-collar,married,primary,183,110,False
269,40.0,blue-collar,married,primary,0,463,False
270,42.0,management,single,tertiary,0,562,False
271,40.0,blue-collar,divorced,primary,0,962,False
272,57.0,technician,married,secondary,1078,10,False
273,56.0,entrepreneur,divorced,secondary,155,118,False
274,37.0,admin.,married,secondary,190,92,False
275,59.0,retired,married,secondary,319,143,False
276,39.0,services,divorced,secondary,-185,189,False
277,49.0,services,married,secondary,47,234,False
278,38.0,services,single,secondary,570,75,False
279,36.0,self-employed,married,tertiary,19,189,False
280,50.0,blue-collar,married,primary,61,621,False
281,41.0,admin.,married,secondary,-62,55,False
282,54.0,technician,married,tertiary,258,310,False
283,58.0,blue-collar,married,primary,76,156,False
284,30.0,blue-collar,single,secondary,0,5,False
285,33.0,admin.,single,secondary,352,225,False
286,47.0,admin.,married,secondary,368,125,False
287,50.0,technician,single,tertiary,339,2,False
288,32.0,blue-collar,married,secondary,1331,286,False
289,40.0,self-employed,married,secondary,672,164,False
290,37.0,management,married,tertiary,58,98,False
291,54.0,technician,single,unknown,447,742,False
292,24.0,student,single,secondary,423,226,False
293,54.0,management,married,tertiary,0,120,False
294,34.0,technician,married,secondary,19,362,False
295,56.0,technician,divorced,primary,13,357,False
296,31.0,blue-collar,single,secondary,3,200,False
297,24.0,student,single,secondary,82,204,False
298,42.0,blue-collar,divorced,primary,28,126,False
299,57.0,technician,married,secondary,792,65,False
300,42.0,blue-collar,married,unknown,408,107,False
301,51.0,admin.,married,secondary,531,267,False
302,57.0,retired,married,secondary,211,248,False
303,36.0,services,single,secondary,62,215,False
304,53.0,services,married,unknown,257,209,False
305,50.0,technician,married,secondary,1234,205,False
306,54.0,management,married,tertiary,313,83,False
307,55.0,blue-collar,married,secondary,89,106,False
308,44.0,blue-collar,married,secondary,129,189,False
309,43.0,management,married,unknown,0,105,False
310,56.0,admin.,married,secondary,353,106,False
311,54.0,technician,married,unknown,851,108,False
312,55.0,services,divorced,primary,96,311,False
313,37.0,services,divorced,secondary,398,214,False
314,33.0,admin.,single,tertiary,193,132,False
315,46.0,admin.,married,secondary,-358,358,False
316,36.0,blue-collar,married,secondary,539,453,False
317,51.0,technician,single,secondary,0,364,False
318,40.0,retired,single,primary,0,136,False
319,42.0,blue-collar,married,secondary,490,386,False
320,51.0,blue-collar,married,secondary,0,173,False
321,49.0,blue-collar,married,unknown,403,241,False
322,48.0,management,married,secondary,161,224,False
323,32.0,technician,divorced,tertiary,2558,148,False
324,31.0,admin.,single,secondary,98,196,False
325,55.0,management,single,tertiary,115,111,False
326,40.0,blue-collar,single,secondary,436,231,False
327,47.0,technician,married,tertiary,831,316,False
328,57.0,technician,married,unknown,206,216,False
329,41.0,blue-collar,married,secondary,290,240,False
330,48.0,blue-collar,married,secondary,1,0,False
331,42.0,blue-collar,married,unknown,57,425,False
332,30.0,blue-collar,single,secondary,-457,143,False
333,58.0,management,single,tertiary,1387,174,False
334,45.0,management,divorced,tertiary,24598,313,True
335,49.0,blue-collar,married,secondary,30,135,False
336,42.0,admin.,single,secondary,1022,146,False
337,53.0,technician,married,secondary,56,152,False
338,51.0,admin.,single,secondary,-2,402,False
339,32.0,services,single,secondary,121,213,False
340,41.0,blue-collar,single,secondary,842,144,False
341,43.0,management,divorced,secondary,693,124,False
342,40.0,blue-collar,divorced,secondary,-333,183,False
343,50.0,blue-collar,married,primary,1533,325,False
344,34.0,management,married,tertiary,46,39,False
345,53.0,services,married,unknown,18,503,False
346,45.0,technician,married,secondary,44,95,False
347,39.0,blue-collar,married,primary,-100,680,False
348,44.0,services,married,tertiary,510,421,False
349,55.0,management,married,tertiary,685,174,False
350,46.0,management,single,tertiary,187,113,False
351,45.0,blue-collar,married,secondary,66,808,False
352,34.0,admin.,married,secondary,560,198,False
353,36.0,blue-collar,married,secondary,0,195,False
354,59.0,unknown,divorced,unknown,27,347,False
355,31.0,admin.,single,secondary,12,208,False
356,44.0,blue-collar,single,secondary,34,404,False
357,33.0,entrepreneur,single,tertiary,1068,396,False
358,40.0,blue-collar,married,secondary,211,216,False
359,46.0,admin.,single,tertiary,377,98,False
360,48.0,management,married,tertiary,263,350,False
361,42.0,services,married,secondary,1263,114,False
362,27.0,services,married,secondary,8,88,False
363,48.0,admin.,married,secondary,126,379,False
364,59.0,admin.,married,secondary,230,190,False
365,46.0,technician,married,tertiary,841,158,False
366,38.0,admin.,divorced,secondary,308,102,False
367,43.0,management,divorced,tertiary,1,306,False
368,38.0,admin.,divorced,tertiary,86,218,False
369,23.0,student,single,secondary,157,54,False
370,34.0,services,married,secondary,22,344,False
371,38.0,admin.,married,secondary,46,195,False
372,37.0,blue-collar,married,secondary,1293,652,False
373,25.0,admin.,single,secondary,122,286,False
374,48.0,blue-collar,married,unknown,131,189,False
375,49.0,blue-collar,single,secondary,143,83,False
376,38.0,admin.,single,secondary,393,184,False
377,43.0,blue-collar,married,primary,98,235,False
378,33.0,management,married,tertiary,0,290,False
379,55.0,blue-collar,married,secondary,224,232,False
380,38.0,blue-collar,married,secondary,757,133,False
381,49.0,services,married,secondary,245,318,False
382,40.0,management,married,secondary,8486,260,False
383,43.0,admin.,married,unknown,350,437,False
384,38.0,blue-collar,married,secondary,20,402,False
385,58.0,services,married,secondary,1667,85,False
386,57.0,technician,married,unknown,345,125,False
387,32.0,unemployed,married,secondary,10,501,False
388,56.0,management,married,tertiary,830,1201,False
389,58.0,blue-collar,divorced,unknown,29,253,False
390,60.0,retired,divorced,secondary,545,1030,False
391,37.0,technician,married,tertiary,8730,149,True
392,46.0,technician,divorced,tertiary,477,114,False
393,27.0,admin.,married,secondary,4,243,False
394,43.0,blue-collar,married,secondary,1205,769,False
395,32.0,technician,single,secondary,0,135,False
396,40.0,admin.,single,secondary,263,231,False
397,38.0,admin.,married,secondary,1,76,False
398,34.0,blue-collar,married,secondary,283,199,False
399,47.0,blue-collar,married,primary,206,152,False
400,42.0,housemaid,married,primary,17,124,False
401,48.0,technician,married,secondary,141,424,False
402,29.0,self-employed,single,tertiary,16,43,False
403,50.0,services,married,secondary,206,154,False
404,52.0,technician,married,unknown,7,203,False
405,50.0,management,married,tertiary,0,326,False
406,58.0,retired,married,tertiary,0,393,False
407,46.0,blue-collar,divorced,primary,1927,241,False
408,38.0,technician,married,secondary,284,483,False
409,46.0,blue-collar,married,secondary,1660,259,False
410,32.0,services,single,secondary,406,227,False
411,51.0,blue-collar,married,primary,230,673,False
412,39.0,admin.,single,secondary,-25,576,False
413,48.0,admin.,married,secondary,182,180,False
414,36.0,entrepreneur,married,tertiary,1169,168,False
415,34.0,admin.,divorced,secondary,67,90,False
416,40.0,technician,married,secondary,77,505,False
417,43.0,unemployed,married,secondary,0,245,False
418,52.0,blue-collar,divorced,primary,55,186,False
419,33.0,technician,married,secondary,72,623,False
420,49.0,management,single,tertiary,163,496,False
421,32.0,management,single,tertiary,151,118,False
422,39.0,admin.,single,secondary,113,342,False
423,40.0,blue-collar,married,secondary,0,225,False
424,38.0,technician,single,tertiary,9,185,False
425,43.0,management,married,secondary,375,196,False
426,39.0,services,married,secondary,1142,276,False
427,54.0,blue-collar,married,primary,2102,76,False
428,38.0,technician,single,tertiary,4325,87,False
429,40.0,blue-collar,married,secondary,217,195,False
430,55.0,admin.,married,secondary,131,744,False
431,42.0,management,married,tertiary,1680,765,False
432,39.0,blue-collar,married,secondary,0,262,False
433,40.0,blue-collar,married,primary,46,119,False
434,32.0,blue-collar,married,secondary,320,198,False
435,55.0,admin.,married,secondary,183,150,False
436,45.0,blue-collar,married,secondary,39,241,False
437,35.0,management,single,tertiary,560,181,False
438,58.0,technician,divorced,secondary,469,196,False
439,35.0,admin.,married,secondary,530,149,False
440,49.0,services,married,primary,61,0,False
441,34.0,technician,single,tertiary,242,112,False
442,36.0,blue-collar,married,secondary,139,309,False
443,24.0,self-employed,single,secondary,0,278,False
444,34.0,technician,married,secondary,367,140,False
445,51.0,admin.,divorced,secondary,228,136,False
446,39.0,technician,single,unknown,45248,1623,False
447,50.0,self-employed,married,unknown,-84,101,False
448,32.0,services,single,secondary,310,144,False
449,42.0,blue-collar,married,unknown,132,238,False
450,50.0,technician,married,secondary,797,354,False
451,40.0,services,married,secondary,71,79,False
452,46.0,management,divorced,unknown,2,187,False
453,37.0,management,married,tertiary,231,451,False
454,34.0,blue-collar,married,secondary,270,159,False
455,44.0,blue-collar,married,secondary,274,409,False
456,40.0,admin.,single,secondary,-109,170,False
457,37.0,technician,married,secondary,1,608,False
458,33.0,blue-collar,single,secondary,-60,243,False
459,35.0,blue-collar,married,secondary,89,145,False
460,58.0,blue-collar,divorced,secondary,-11,112,False
461,39.0,blue-collar,married,primary,0,262,False
462,43.0,blue-collar,married,secondary,-509,124,False
463,39.0,unemployed,married,primary,408,53,False
464,36.0,services,single,primary,58,134,False
465,57.0,retired,single,secondary,1640,204,False
466,36.0,admin.,single,secondary,20,186,False
467,50.0,blue-collar,married,primary,71,678,False
468,55.0,blue-collar,married,secondary,52,182,False
469,44.0,self-employed,married,tertiary,292,162,False
470,44.0,services,divorced,secondary,424,27,False
471,39.0,housemaid,single,primary,109,699,False
472,46.0,blue-collar,married,unknown,1044,43,False
473,39.0,blue-collar,married,secondary,983,97,False
474,34.0,admin.,married,secondary,869,1677,False
475,40.0,blue-collar,married,primary,668,283,False
476,50.0,management,married,tertiary,964,323,False
477,31.0,management,single,secondary,301,82,False
478,37.0,admin.,single,secondary,140,310,False
479,39.0,management,single,secondary,1877,185,False
480,51.0,blue-collar,married,primary,1127,47,False
481,41.0,technician,married,secondary,871,145,False
482,41.0,technician,married,secondary,767,204,False
483,43.0,blue-collar,married,secondary,0,187,False
484,30.0,services,single,secondary,209,30,False
485,54.0,management,divorced,primary,0,472,False
486,43.0,blue-collar,divorced,secondary,110,448,False
487,59.0,management,divorced,tertiary,-76,264,False
488,47.0,technician,married,unknown,178,169,False
489,40.0,blue-collar,married,primary,-66,288,False
490,32.0,technician,married,secondary,0,176,False
491,29.0,blue-collar,married,secondary,1,215,False
492,36.0,blue-collar,married,secondary,0,337,False
493,55.0,unemployed,married,tertiary,5345,278,True
494,30.0,blue-collar,divorced,secondary,-209,188,False
495,39.0,admin.,single,secondary,0,174,False
496,39.0,blue-collar,divorced,secondary,42,226,False
497,50.0,blue-collar,divorced,secondary,41,190,False
498,44.0,blue-collar,married,secondary,-99,111,False
499,37.0,technician,single,secondary,17,164,False
500,46.0,admin.,married,primary,276,157,False
501,32.0,technician,single,unknown,-170,46,False
502,37.0,management,single,tertiary,230,374,False
503,29.0,blue-collar,married,secondary,9,349,False
504,41.0,blue-collar,married,secondary,946,325,False
505,45.0,blue-collar,married,primary,1297,233,False
506,57.0,retired,divorced,secondary,-331,531,False
507,48.0,blue-collar,single,secondary,44,153,False
508,60.0,retired,married,secondary,15,80,False
509,26.0,admin.,single,secondary,712,232,False
510,58.0,retired,married,secondary,5435,118,False
511,34.0,admin.,married,secondary,507,190,False
512,55.0,unemployed,divorced,secondary,387,918,False
513,41.0,blue-collar,married,primary,0,238,False
514,50.0,management,divorced,secondary,1716,82,False
515,49.0,entrepreneur,married,secondary,167,198,False
516,44.0,admin.,married,unknown,40,160,False
517,44.0,blue-collar,married,primary,148,211,False
518,31.0,technician,married,secondary,17,120,False
519,34.0,blue-collar,single,tertiary,1011,136,False
520,46.0,management,single,unknown,1527,269,False
521,42.0,management,married,tertiary,744,157,False
522,52.0,admin.,married,secondary,484,128,False
523,29.0,management,single,tertiary,0,211,False
524,53.0,retired,married,primary,136,267,False
525,43.0,blue-collar,married,secondary,1335,371,False
526,38.0,management,married,secondary,517,288,False
527,46.0,management,married,tertiary,459,221,False
528,48.0,management,divorced,unknown,549,427,False
529,30.0,admin.,divorced,secondary,83,310,False
530,44.0,blue-collar,married,primary,213,158,False
531,31.0,housemaid,married,primary,203,604,False
532,42.0,services,single,secondary,518,198,False
533,40.0,management,single,tertiary,3877,145,False
534,52.0,admin.,married,secondary,1236,247,False
535,45.0,blue-collar,divorced,secondary,756,179,False
536,48.0,blue-collar,married,secondary,157,73,False
537,45.0,blue-collar,married,primary,-66,263,False
538,34.0,blue-collar,married,unknown,245,13,False
539,34.0,blue-collar,married,primary,-144,79,False
540,46.0,blue-collar,married,secondary,71,416,False
541,49.0,services,divorced,secondary,505,162,False
542,50.0,technician,married,primary,249,129,False
543,34.0,admin.,single,secondary,0,150,False
544,40.0,unemployed,single,secondary,11,43,False
545,36.0,admin.,married,secondary,639,191,False
546,59.0,blue-collar,divorced,unknown,124,26,False
547,45.0,blue-collar,married,secondary,82,250,False
548,36.0,self-employed,married,tertiary,107,146,False
549,56.0,services,married,secondary,473,416,False
550,42.0,services,divorced,secondary,372,0,False
551,30.0,admin.,married,secondary,46,114,False
552,30.0,student,single,tertiary,34,289,False
553,47.0,self-employed,married,unknown,935,225,False
554,33.0,blue-collar,married,secondary,-10,123,False
555,36.0,admin.,married,secondary,-106,130,False
556,39.0,services,divorced,primary,471,161,False
557,56.0,admin.,divorced,secondary,778,149,False
558,39.0,blue-collar,divorced,unknown,170,268,False
559,42.0,technician,married,secondary,315,259,False
560,52.0,blue-collar,married,secondary,3165,26,False
561,36.0,admin.,divorced,secondary,131,153,False
562,35.0,entrepreneur,married,secondary,204,424,False
563,47.0,technician,married,secondary,83,179,False
564,59.0,services,divorced,secondary,0,97,False
565,57.0,blue-collar,married,primary,5431,383,False
566,38.0,management,married,unknown,1759,440,False
567,46.0,unemployed,married,secondary,-125,23,False
568,34.0,blue-collar,married,secondary,0,195,False
569,28.0,services,single,secondary,5090,1297,False
570,38.0,technician,married,unknown,573,87,False
571,56.0,blue-collar,married,secondary,1602,427,False
572,41.0,blue-collar,single,primary,-137,189,False
573,52.0,technician,married,unknown,0,195,False
574,54.0,services,married,secondary,193,179,False
575,61.0,retired,married,secondary,195,179,False
576,53.0,entrepreneur,married,secondary,288,69,False
577,47.0,technician,married,secondary,19,105,False
578,53.0,blue-collar,married,primary,25,266,False
579,46.0,services,married,secondary,216,524,False
580,39.0,blue-collar,divorced,primary,190,96,False
581,56.0,technician,divorced,secondary,99,155,False
582,55.0,services,divorced,primary,2298,162,False
583,44.0,management,married,tertiary,17,352,False
584,37.0,technician,married,primary,0,76,False
585,35.0,blue-collar,married,primary,0,154,False
586,55.0,blue-collar,married,secondary,840,310,False
587,37.0,services,married,secondary,358,390,False
588,30.0,technician,single,secondary,0,369,False
589,37.0,blue-collar,married,primary,-325,112,False
590,36.0,technician,single,secondary,-15,341,False
591,38.0,technician,married,secondary,581,79,False
592,41.0,admin.,divorced,primary,4070,140,False
593,48.0,retired,married,secondary,74,315,False
594,55.0,services,divorced,secondary,141,262,False
595,28.0,services,divorced,secondary,89,174,False
596,54.0,services,married,secondary,0,138,False
597,30.0,blue-collar,married,secondary,450,526,False
598,48.0,technician,married,tertiary,310,135,False
599,31.0,self-employed,married,secondary,0,36,False
600,38.0,blue-collar,married,secondary,384,1906,False
601,37.0,blue-collar,married,secondary,395,219,False
602,37.0,services,single,unknown,-118,147,False
603,56.0,blue-collar,married,primary,5,407,False
604,51.0,blue-collar,married,secondary,50,121,False
605,39.0,blue-collar,married,secondary,285,209,False
606,49.0,technician,married,unknown,15,92,False
607,51.0,blue-collar,married,primary,653,208,False
608,43.0,self-employed,married,secondary,918,193,False
609,32.0,services,married,secondary,243,144,False
610,29.0,technician,single,tertiary,405,65,False
611,48.0,management,divorced,tertiary,1328,339,False
612,55.0,services,married,primary,255,285,False
613,53.0,blue-collar,married,secondary,3397,231,False
614,47.0,technician,married,unknown,2106,168,False
615,39.0,management,married,tertiary,2877,278,False
616,31.0,blue-collar,single,tertiary,60,389,False
617,39.0,blue-collar,married,primary,2226,158,False
618,40.0,blue-collar,married,primary,2880,145,False
619,40.0,technician,single,unknown,-5,78,False
620,48.0,technician,married,secondary,147,142,False
621,33.0,technician,divorced,secondary,7,87,False
622,40.0,technician,married,secondary,109,147,False
623,59.0,retired,married,primary,-119,289,False
624,30.0,technician,married,secondary,484,703,False
625,31.0,management,single,tertiary,1852,170,False
626,35.0,unemployed,married,secondary,533,802,False
627,54.0,technician,divorced,secondary,21,381,False
628,34.0,admin.,single,unknown,2434,218,False
629,32.0,technician,married,secondary,90,57,False
630,56.0,admin.,divorced,unknown,4246,304,False
631,32.0,admin.,single,tertiary,395,241,False
632,42.0,blue-collar,married,primary,15,230,False
633,33.0,services,married,tertiary,85,262,False
634,52.0,entrepreneur,married,tertiary,-184,392,False
635,52.0,services,married,secondary,660,201,False
636,52.0,blue-collar,divorced,primary,-183,145,False
637,30.0,unemployed,divorced,secondary,1144,252,False
638,44.0,services,divorced,secondary,1,235,False
639,35.0,admin.,married,secondary,69,235,False
640,55.0,management,single,secondary,220,328,False
641,33.0,blue-collar,married,primary,332,116,False
642,37.0,blue-collar,single,secondary,240,246,False
643,42.0,technician,single,secondary,0,293,False
644,43.0,unemployed,married,secondary,0,37,False
645,38.0,entrepreneur,married,tertiary,898,132,False
646,37.0,technician,married,secondary,123,530,False
647,31.0,student,single,secondary,252,175,False
648,41.0,management,married,tertiary,65,524,False
649,41.0,technician,married,secondary,-366,29,False
650,29.0,student,single,secondary,209,311,False
651,38.0,admin.,single,secondary,221,211,False
652,44.0,self-employed,divorced,tertiary,4,312,False
653,39.0,admin.,married,secondary,104,412,False
654,28.0,technician,single,secondary,312,392,False
655,33.0,blue-collar,married,secondary,-349,191,False
656,41.0,services,married,unknown,4,284,False
657,40.0,blue-collar,married,primary,-322,144,False
658,29.0,admin.,married,secondary,-150,328,False
659,38.0,management,married,unknown,1349,100,False
660,32.0,admin.,married,tertiary,281,0,False
661,45.0,services,married,secondary,1259,507,False
662,33.0,admin.,single,secondary,101,392,False
663,34.0,blue-collar,married,secondary,848,684,False
664,41.0,entrepreneur,married,unknown,89,333,False
665,41.0,blue-collar,married,secondary,140,311,False
666,35.0,admin.,single,secondary,148,128,False
667,40.0,technician,single,secondary,200,322,False
668,60.0,self-employed,married,primary,46,202,False
669,47.0,services,divorced,secondary,201,92,False
670,46.0,blue-collar,married,primary,530,739,False
671,31.0,blue-collar,single,secondary,0,273,False
672,49.0,self-employed,married,secondary,1,260,False
673,29.0,blue-collar,married,secondary,43,268,False
674,31.0,management,single,tertiary,-173,396,False
675,38.0,management,married,tertiary,389,262,False
676,37.0,blue-collar,married,primary,215,308,False
677,35.0,technician,married,secondary,-131,467,False
678,31.0,management,single,secondary,783,320,False
679,41.0,admin.,married,secondary,0,160,False
680,46.0,services,married,unknown,80,245,False
681,40.0,services,divorced,secondary,105,189,False
682,29.0,admin.,married,secondary,182,477,False
683,49.0,admin.,married,secondary,82,310,False
684,42.0,management,married,tertiary,0,65,False
685,54.0,services,married,secondary,510,196,False
686,40.0,management,single,tertiary,242,221,False
687,53.0,admin.,married,secondary,244,197,False
688,49.0,management,married,tertiary,92,221,False
689,40.0,blue-collar,married,primary,0,64,False
690,29.0,student,single,secondary,948,75,False
691,36.0,blue-collar,married,primary,23,400,False
692,37.0,technician,married,secondary,710,378,False
693,39.0,services,married,secondary,1205,118,False
694,36.0,technician,married,secondary,368,1597,False
695,44.0,entrepreneur,married,tertiary,1631,346,False
696,40.0,admin.,married,secondary,6,60,False
697,49.0,blue-collar,married,secondary,26,276,False
698,30.0,technician,single,unknown,-48,152,False
699,57.0,management,married,tertiary,2142,251,False
700,24.0,services,single,secondary,77,390,False
701,46.0,blue-collar,married,unknown,401,306,False
702,33.0,admin.,married,secondary,21,189,False
703,43.0,services,divorced,secondary,0,125,False
704,43.0,admin.,single,secondary,-497,234,False
705,40.0,blue-collar,divorced,primary,369,79,False
706,44.0,technician,single,unknown,78,13,False
707,35.0,technician,single,tertiary,226,283,False
708,47.0,technician,married,secondary,503,109,False
709,33.0,blue-collar,married,secondary,372,132,False
710,31.0,admin.,married,secondary,0,144,False
711,40.0,blue-collar,divorced,secondary,0,121,False
712,36.0,entrepreneur,married,tertiary,125,95,False
713,56.0,retired,divorced,primary,4,31,False
714,40.0,admin.,single,unknown,419,112,False
715,41.0,admin.,divorced,secondary,322,87,False
716,53.0,retired,married,secondary,303,593,False
717,39.0,blue-collar,married,secondary,607,99,False
718,44.0,blue-collar,divorced,secondary,579,198,False
719,38.0,admin.,married,secondary,3047,285,False
720,54.0,technician,divorced,secondary,83,190,False
721,58.0,management,married,tertiary,68,172,False
722,52.0,blue-collar,married,primary,58,213,False
723,28.0,admin.,single,secondary,251,178,False
724,36.0,blue-collar,married,secondary,688,174,False
725,60.0,retired,married,primary,364,631,False
726,42.0,services,divorced,secondary,55,176,False
727,42.0,admin.,married,secondary,101,32,False
728,44.0,management,married,tertiary,105,1529,False
729,51.0,blue-collar,divorced,primary,325,254,False
730,49.0,blue-collar,married,primary,198,200,False
731,47.0,entrepreneur,married,unknown,209,135,False
732,37.0,blue-collar,married,secondary,183,112,False
733,34.0,management,married,tertiary,105,314,False
734,35.0,services,married,secondary,109,597,False
735,35.0,blue-collar,single,secondary,376,207,False
736,40.0,blue-collar,married,primary,-7,410,False
737,55.0,technician,married,secondary,0,160,False
738,55.0,retired,married,secondary,143,42,False
739,35.0,management,single,tertiary,550,55,False
740,57.0,blue-collar,married,primary,162,155,False
741,53.0,management,married,tertiary,115,336,False
742,41.0,blue-collar,married,primary,512,233,False
743,57.0,blue-collar,married,unknown,807,211,False
744,45.0,blue-collar,married,unknown,248,88,False
745,43.0,blue-collar,married,primary,1211,208,False
746,56.0,self-employed,married,unknown,7,305,False
747,31.0,entrepreneur,married,tertiary,281,206,False
748,37.0,blue-collar,single,secondary,88,128,False
749,30.0,management,married,tertiary,32,122,False
750,30.0,admin.,single,secondary,115,66,False
751,54.0,blue-collar,married,secondary,254,66,False
752,36.0,management,married,tertiary,144,164,False
753,55.0,unemployed,married,tertiary,383,343,False
754,37.0,admin.,single,secondary,569,126,False
755,38.0,housemaid,married,secondary,0,59,False
756,48.0,admin.,married,secondary,3754,249,False
757,55.0,housemaid,divorced,tertiary,6920,406,True
758,59.0,services,married,secondary,307,250,False
759,37.0,technician,married,secondary,-421,183,False
760,33.0,blue-collar,divorced,secondary,60,190,False
761,44.0,blue-collar,married,primary,67,220,False
762,57.0,technician,married,secondary,402,153,False
763,30.0,self-employed,single,tertiary,800,95,False
764,42.0,technician,married,tertiary,239,191,False
765,51.0,blue-collar,divorced,secondary,421,216,False
766,44.0,admin.,divorced,secondary,161,89,False
767,46.0,technician,married,secondary,289,51,False
768,29.0,student,single,secondary,110,169,False
769,39.0,blue-collar,married,primary,245,148,False
770,42.0,services,married,secondary,0,0,False
771,50.0,blue-collar,married,primary,156,117,False
772,42.0,technician,single,secondary,0,275,False
773,39.0,admin.,married,secondary,20,124,False
774,55.0,technician,single,tertiary,92,118,False
775,46.0,services,married,secondary,89,479,False
776,42.0,blue-collar,married,secondary,166,285,False
777,45.0,management,married,tertiary,103,35,False
778,43.0,blue-collar,married,primary,-454,322,False
779,42.0,admin.,married,secondary,445,202,False
780,30.0,admin.,married,secondary,4,172,False
781,47.0,blue-collar,married,secondary,1001,201,False
782,51.0,services,divorced,secondary,-69,216,False
783,38.0,technician,single,secondary,42,195,False
784,57.0,technician,married,unknown,1617,96,False
785,42.0,management,divorced,tertiary,221,720,False
786,32.0,technician,divorced,secondary,210,188,False
787,46.0,management,married,tertiary,0,70,False
788,29.0,student,single,tertiary,185,141,False
789,59.0,retired,married,secondary,836,106,False
790,32.0,blue-collar,single,secondary,301,395,False
791,44.0,blue-collar,married,primary,503,629,False
792,40.0,retired,married,primary,407,502,False
793,31.0,blue-collar,single,secondary,53,446,False
794,46.0,self-employed,married,tertiary,2303,241,False
795,43.0,management,married,tertiary,144,131,False
796,34.0,services,married,secondary,205,312,False
797,39.0,management,married,tertiary,305,275,False
798,30.0,blue-collar,divorced,secondary,251,120,False
799,56.0,retired,married,secondary,0,333,False
800,29.0,technician,married,secondary,8,113,False
801,40.0,blue-collar,divorced,secondary,139,91,False
802,36.0,services,married,secondary,184,128,False
803,37.0,blue-collar,single,secondary,238,200,False
804,35.0,admin.,married,secondary,0,326,False
805,35.0,blue-collar,married,primary,0,292,False
806,47.0,services,married,primary,222,68,False
807,31.0,services,married,secondary,414,215,False
808,56.0,retired,single,primary,223,97,False
809,57.0,technician,married,secondary,197,32,False
810,36.0,blue-collar,married,secondary,-251,162,False
811,45.0,self-employed,divorced,secondary,-139,152,False
812,47.0,blue-collar,married,unknown,733,268,False
813,29.0,technician,single,tertiary,0,104,False
814,57.0,services,married,secondary,1,852,False
815,45.0,blue-collar,married,primary,97,923,False
816,31.0,blue-collar,single,primary,435,159,False
817,31.0,management,divorced,tertiary,0,953,False
818,37.0,technician,single,tertiary,147,416,False
819,30.0,technician,single,tertiary,3,174,False
820,58.0,services,divorced,secondary,1109,180,False
821,33.0,services,married,secondary,404,139,False
822,39.0,blue-collar,married,primary,981,294,False
823,33.0,blue-collar,single,primary,95,102,False
824,34.0,services,married,secondary,302,124,False
825,36.0,services,divorced,secondary,-290,128,False
826,37.0,services,single,secondary,259,130,False
827,35.0,blue-collar,married,secondary,527,143,False
828,55.0,retired,married,secondary,102,74,False
829,34.0,management,single,tertiary,872,105,False
830,40.0,management,divorced,tertiary,490,477,False
831,42.0,blue-collar,single,primary,19,158,False
832,37.0,blue-collar,married,secondary,16,250,False
833,42.0,management,married,tertiary,386,168,False
834,35.0,technician,single,secondary,539,520,False
835,44.0,technician,divorced,secondary,-329,171,False
836,30.0,services,single,secondary,-174,113,False
837,45.0,entrepreneur,married,secondary,68,254,False
838,35.0,blue-collar,single,unknown,-532,149,False
839,36.0,admin.,divorced,secondary,0,133,False
840,49.0,blue-collar,married,secondary,64,293,False
841,31.0,blue-collar,single,secondary,1415,485,False
842,31.0,technician,single,secondary,147,374,False
843,39.0,blue-collar,married,secondary,72,425,False
844,37.0,services,single,secondary,-196,207,False
845,33.0,blue-collar,married,primary,716,83,False
846,37.0,management,married,tertiary,0,228,False
847,42.0,services,married,secondary,-246,149,False
848,56.0,blue-collar,married,secondary,-203,139,False
849,37.0,admin.,single,secondary,245,732,False
850,36.0,services,single,secondary,342,142,False
851,29.0,technician,single,tertiary,3,359,False
852,54.0,management,married,tertiary,-248,112,False
853,38.0,blue-collar,married,secondary,376,1521,False
854,43.0,blue-collar,divorced,secondary,370,216,False
855,47.0,admin.,single,secondary,594,161,False
856,47.0,blue-collar,married,secondary,387,122,False
857,38.0,services,married,secondary,208,800,False
858,40.0,blue-collar,married,secondary,563,615,False
859,33.0,services,divorced,secondary,392,254,False
860,33.0,retired,married,secondary,165,111,False
861,53.0,admin.,divorced,unknown,236,354,False
862,37.0,services,married,primary,52,359,False
863,40.0,management,single,tertiary,1265,97,False
864,37.0,blue-collar,married,primary,693,327,False
865,35.0,technician,married,secondary,118,236,False
866,49.0,blue-collar,married,primary,3659,160,False
867,26.0,blue-collar,single,secondary,24,180,False
868,38.0,management,single,tertiary,673,184,False
869,52.0,self-employed,married,secondary,273,227,False
870,33.0,services,divorced,secondary,327,109,False
871,31.0,admin.,single,secondary,299,492,False
872,32.0,blue-collar,married,secondary,0,298,False
873,35.0,blue-collar,single,primary,109,83,False
874,55.0,management,divorced,tertiary,552,241,False
875,32.0,blue-collar,divorced,primary,473,204,False
876,37.0,unknown,single,unknown,414,131,False
877,45.0,blue-collar,married,secondary,154,1138,False
878,31.0,technician,married,secondary,344,123,False
879,38.0,admin.,married,secondary,8,125,False
880,37.0,services,married,secondary,78,0,False
881,38.0,blue-collar,married,secondary,266,287,False
882,33.0,housemaid,married,tertiary,98,109,False
883,38.0,blue-collar,married,primary,83,140,False
884,37.0,management,single,tertiary,45,204,False
885,29.0,unemployed,married,tertiary,8,233,False
886,42.0,management,married,tertiary,263,254,False
887,40.0,blue-collar,married,secondary,306,184,False
888,32.0,management,married,tertiary,233,193,False
889,47.0,management,divorced,tertiary,447,126,False
890,29.0,student,single,secondary,872,230,False
891,53.0,services,divorced,primary,-291,591,False
892,31.0,services,married,tertiary,309,294,False
893,59.0,blue-collar,married,secondary,202,173,False
894,29.0,entrepreneur,married,primary,56,336,False
895,59.0,blue-collar,married,primary,229,19,False
896,44.0,blue-collar,married,primary,143,153,False
897,38.0,admin.,single,secondary,100,786,False
898,49.0,admin.,married,secondary,326,99,False
899,43.0,blue-collar,married,secondary,167,243,False
900,52.0,admin.,single,secondary,545,260,False
901,40.0,admin.,married,secondary,2100,164,False
902,32.0,services,married,secondary,0,255,False
903,47.0,admin.,married,primary,192,47,False
904,33.0,management,married,tertiary,442,463,False
905,35.0,management,married,tertiary,267,192,False
906,27.0,services,single,secondary,0,388,False
907,50.0,blue-collar,married,primary,377,221,False
908,44.0,retired,married,secondary,7624,126,False
909,43.0,self-employed,married,primary,66,175,False
910,51.0,blue-collar,married,unknown,37,256,False
911,32.0,admin.,single,secondary,64,202,False
912,47.0,management,divorced,tertiary,34,104,False
913,34.0,admin.,divorced,secondary,627,283,False
914,57.0,self-employed,married,primary,1013,448,False
915,43.0,admin.,single,secondary,140,127,False
916,40.0,services,single,tertiary,8823,378,True
917,28.0,blue-collar,single,secondary,97,67,False
918,38.0,blue-collar,married,unknown,5,221,False
919,37.0,unemployed,divorced,secondary,74,150,False
920,44.0,admin.,married,secondary,58544,144,False
921,41.0,technician,married,secondary,169,296,False
922,37.0,self-employed,married,tertiary,444,401,False
923,30.0,services,single,tertiary,542,435,False
924,32.0,blue-collar,married,secondary,-205,388,False
925,30.0,management,single,tertiary,112,245,False
926,35.0,services,married,secondary,39,143,False
927,55.0,blue-collar,married,secondary,1268,223,False
928,52.0,blue-collar,married,secondary,-98,423,False
929,33.0,admin.,married,secondary,44,231,False
930,55.0,retired,married,primary,-90,634,False
931,33.0,blue-collar,married,secondary,0,107,False
932,40.0,blue-collar,married,secondary,-94,227,False
933,39.0,blue-collar,married,secondary,-345,69,False
934,54.0,blue-collar,married,secondary,-932,799,False
935,39.0,blue-collar,married,primary,20,109,False
936,49.0,blue-collar,married,secondary,90,127,False
937,52.0,admin.,married,secondary,31,120,False
938,27.0,management,single,tertiary,134,68,False
939,26.0,services,married,secondary,0,180,False
940,40.0,blue-collar,married,secondary,61,112,False
941,47.0,blue-collar,married,secondary,-5,444,False
942,31.0,services,single,secondary,-45,246,False
943,53.0,blue-collar,single,secondary,156,259,False
944,31.0,services,married,secondary,564,223,False
945,33.0,admin.,married,secondary,-6,566,False
946,35.0,services,married,secondary,528,274,False
947,46.0,entrepreneur,married,unknown,1481,49,False
948,31.0,management,married,secondary,2019,380,False
949,35.0,technician,single,secondary,1855,138,False
950,29.0,management,married,secondary,147,376,False
951,51.0,technician,married,secondary,220,421,False
952,33.0,blue-collar,married,primary,198,121,False
953,37.0,management,married,tertiary,115,36,False
954,43.0,admin.,single,unknown,87,328,False
955,42.0,technician,married,tertiary,644,19,False
956,28.0,blue-collar,married,secondary,225,866,False
957,57.0,retired,married,secondary,502,229,False
958,38.0,services,married,secondary,-32,154,False
959,39.0,blue-collar,married,primary,106,56,False
960,36.0,technician,married,tertiary,301,1581,False
961,57.0,retired,married,tertiary,906,117,False
962,44.0,management,married,unknown,187,185,False
963,48.0,services,divorced,secondary,852,202,False
964,46.0,blue-collar,married,primary,143,279,False
965,43.0,admin.,married,secondary,71,180,False
966,49.0,services,married,secondary,1496,218,False
967,29.0,services,single,secondary,703,129,False
968,53.0,blue-collar,married,secondary,732,530,False
969,30.0,services,single,secondary,21,104,False
970,41.0,management,divorced,secondary,276,60,False
971,33.0,technician,married,secondary,0,432,False
972,47.0,blue-collar,married,primary,550,113,False
973,58.0,retired,married,secondary,268,516,False
974,31.0,unemployed,married,secondary,-825,179,False
975,38.0,admin.,single,secondary,137,125,False
976,60.0,retired,married,secondary,42,386,False
977,33.0,management,single,tertiary,54,262,False
978,33.0,unemployed,single,tertiary,1716,396,False
979,52.0,admin.,married,primary,270,294,False
980,42.0,blue-collar,married,primary,803,171,False
981,30.0,technician,single,secondary,102,614,False
982,33.0,entrepreneur,divorced,tertiary,188,118,False
983,46.0,admin.,divorced,secondary,207,485,False
984,51.0,blue-collar,married,primary,1466,406,False
985,40.0,unemployed,single,secondary,350,287,False
986,50.0,admin.,married,secondary,159,216,False
987,42.0,entrepreneur,married,tertiary,157,650,False
988,38.0,technician,married,secondary,0,55,False
989,36.0,admin.,single,primary,91,371,False
990,37.0,unemployed,divorced,primary,849,0,False
991,33.0,management,married,tertiary,436,48,False
992,38.0,blue-collar,single,secondary,-1,72,False
993,52.0,blue-collar,married,tertiary,297,55,False
994,29.0,blue-collar,married,secondary,313,144,False
995,37.0,blue-collar,married,primary,310,474,False
996,34.0,admin.,married,secondary,475,559,False
997,43.0,blue-collar,married,primary,61,261,False
998,49.0,services,married,secondary,1377,1101,False
999,33.0,technician,single,secondary,56,236,False
